3651;"ортогональный базис"
3650;"что такое ортогональный базис"
3649;"связь нормы и метрики"
3647;"размерность векторного пространства"
3644;"расстояние"
3643;"привет"
3631;"что такое подпространство"
3630;"матрица перехода к новому базису"
3629;"координаты разложения вектора по базису"
3628;"размерность векторного пространства"
3545;"размерность векторного пространства"
3544;"матрица перехода к новому базису"
3543;"координаты вектора в ортонормированном базисе"
3542;"координаты вектора в новом базисе"
3541;"координаты вектора в ортогональном базисе"
3540;"координаты вектора в новом базисе"
3539;"матрица перехода к новому базису"
3538;"координаты вектора в новом базисе"
3537;"переход к новому базису"
3536;"как найти координаты вектора в новом базисе"
3535;"как задать матрицу перехода к новому базису"
3534;"матрица перехода к новому базису"
3533;"переход к новому базису"
3532;"как вычислить координаты вектора в ортонормированном базисе"
3531;"как перейти к ортонормированному базису"
3530;"как получить 5-ку по предмету?"
3529;"связь нормы и метрики"
3528;"связь нормы и метрики"
3527;"связь нормы и метрики"
3526;"связь нормы и метрики"
3459;"координаты вектора в ортонормированном базисе"
3458;"линейная зависимость векторов"
3457;"линейная независимость векторов"
3456;"размерность векторного пространства"
3455;"линейная независимость векторов"
3454;"линейная независимость векторов"
3453;"линейная зависимость векторов"
3452;"линейная зависимость векторов"
3451;"как вычислить координаты вектора в ортонормированном базисе"
3450;"размерность линейного пространства"
3449;"сколько баллов надо набрать на оценку 4?"
3448;"где можно найти литературу по предмету?"
3447;"Как получить пятерку"
3446;"Как получить пятерку по предмету?"
3445;"Какие есть варианты сдачи экзамена по предмету?"
3444;"Что надо сделать, чтобы получить 5 ?"
3443;"что такое норма"
3442;"что такое метрика"
3441;"ортонормированный базис"
3440;"как найти координаты в ортогональном базисе"
3439;"как найти угол между векторами"
3438;"подпространство"
3437;"как найти координаты в ортогональном базисе"
3436;"как найти угол между векторами"
3435;"угол между векторами"
3434;"подпространство векторного пространства"
3433;"подпространство"
3432;"ортогональные вектора"
3431;"ортогональный базис"
3430;"подпространство"
3429;"подпространство"
3428;"подпространство векторного пространства"
3427;"подпространство"
3426;"подпространство векторного пространства"
3425;"подпространство"
3424;"подпространство"
3423;"подпространство векторного пространства"
3422;"ортогонализация базиса"
3421;"процедура ортогонализации Грама-Шмидта"
3420;"процедура ортогонализации Грама-Шмидта"
3419;"процедура ортогонализации базиса"
3418;"ортогональный базис"
3417;"ортонормированный базис"
3416;"подпространство"
3415;"ортонормированный базис"
3414;"подпространство векторного пространства"
3413;"подпространство векторного пространства"
3412;"подпространство векторного пространства"
3411;"Что такое подпространства"
3410;"размерность векторного пространства"
3409;"что такое координаты вектора"
3408;"что такое метрика"
3407;"угол между векторами"
3406;"размерность векторного пространства"
3405;"норма вектора"
3404;"норма вектора"
3403;"что такое норма"
3402;"свойства скалярного произведения"
3401;"угол между векторами"
3400;"размерность векторного пространства"
3399;"размерность векторного пространства"
3398;"размерность векторного пространства"
3397;"размерность векторного пространства"
3396;"как задается угол между произвольными векторами"
3395;"как вычислить угол между векторами"
3394;"угол между векторами"
3393;"как найти угол между векторами"
3392;"угол между векторами"
3391;"как определяется угол между векторами в произвольном векторном пространстве"
3390;"как определяется угол между произвольными векторами"
3389;"как вычислить угол между векторами"
3388;"скалярное произведение"
3387;"размерность векторного пространства"
3384;"манхэттэнское расстояние"
3383;"манхэттэнское расстояние"
3382;"манхэттэнское"
3381;"размерность векторного пространства"
3380;"размерность векторного пространства"
3379;"как перейти к координатам в новом базисе"
3378;"как перейти к координатам в новом базисе"
3377;"что такое метрика"
3376;"манхеттенское расстояние"
3375;"манхеттенское расстояние"
3374;"манхэттенское"
3373;"манхэттенское"
3372;"манхэттенское"
3371;"манхэттенское"
3370;"манхэттенское"
3369;"манхэттенское расстояние"
3368;"манхетэнское расстояние"
3367;"манхеттэнское расстояние"
3366;"манхеттенское расстояние"
3365;"манхетенское расстояние"
3364;"манхэтенское расстояние"
3363;"манхэттенское расстояние"
3362;"манхетенское расстояние"
3361;"манхеттенское расстояние"
3360;"манхэтенское расстояние"
3359;"манхэтэнское расстояние"
3358;"манхэттэнское расстояние"
3357;"манхеттэнское расстояние"
3356;"манхетэнское расстояние"
3355;"манхэтэнское расстояние"
3354;"манхэттэнское расстояние"
3353;"манхэтэнская дистанция"
3352;"манхэтэнское расстояние"
3351;"манхеттенское расстояние"
3350;"манхеттенское расстояние"
3349;"манхеттенское расстояние"
3348;"скалярное произведение"
3347;"манхэттенское расстояние"
3346;"координаты векторов"
3345;"базис векторного пространства"
3344;"норма пространства"
3343;"норма пространства"
3342;"скалярное умножение"
3341;"поле чисел"
3340;"норма и метрика"
3338;"скалярное произведение векторов"
3336;"изоморфизм векторных пространств"
3335;"линейно зависимые вектора"
3334;"норма векторного пространства"
3333;"евклидово пространство"
3332;"манхэттенское расстояние"
3331;"поле чисел"
3330;"поле"
3329;"манхэттенское расстояние"
3328;"евклидово расстояние"
3327;"скалярное произведение"
3326;"поле чисел"
3325;"скалярное произведение"
3324;"поле чисел"
3323;"манхэттенское расстояние"
3322;"манхеттенское расстояние"
3321;"манхеттенское расстояние"
3320;"манхеттенское расстояние"
3319;"угол между векторами"
3318;"скалярное произведение векторов"
3317;"манхеттенское расстояние"
3316;"Как вычислить скалярное произведение двух векторов в произвольном (неортогональном) базисе"
3315;"что такое скалярное произведение векторов?"
3314;"Как связаны между собой норма и метрика"
3313;"Норма векторного пространства"
3312;"Что такое манхеттенское расстояние"
3311;"Что такое метрика векторного пространства"
3310;"Какие вектора называются линейно-зависимыми?"
3309;"Как перейти от векторов к их координатам"
3308;"Откуда берутся координаты вектора"
3307;"теорема об изоморфизме векторных пространств"
3306;"Что такое изоморфизм векторных пространств"
3305;"Что означает, что линейное пространство конечномерно?"
3304;"Что такое базис векторного пространства."
3302;"Что такое размерность векторного пространства."
3301;"А есть какой-нибудь пример векторного пространства, кроме геометрических векторов."
3300;"Какая алгебраическая структура называется векторным пространством?"
3299;"какими свойствами обладает скалярное произведение"
3298;"Что такое поле чисел?"
3297;"что такое евклидово пространство"
3296;"как задать норму и расстояние через скалярное произведение"
3295;"что такое евклидово пространство"
